{
  "project_info": {
    "project_number": "308565889988",
    "firebase_url": "https://pertemuan11-9c0f0-default-rtdb.firebaseio.com",
    "project_id": "pertemuan11-9c0f0",
    "storage_bucket": "pertemuan11-9c0f0.appspot.com"
  },
  "client": [
    {
      "client_info": {
        "mobilesdk_app_id": "1:308565889988:android:f12c1057147b4960a58a91",
        "android_client_info": {
          "package_name": "com.example.pertemuan11"
        }
      },
      "oauth_client": [
        {
          "client_id": "308565889988-b9kd9oa438b5asf2seokqp83db2u51im.apps.googleusercontent.com",
          "client_type": 3
        }
      ],
      "api_key": [
        {
          "current_key": "AIzaSyBbUaKcBt4yvMn5Hc2_KUnxKXRqhk-ukZ0"
        }
      ],
      "services": {
        "appinvite_service": {
          "other_platform_oauth_client": [
            {
              "client_id": "308565889988-b9kd9oa438b5asf2seokqp83db2u51im.apps.googleusercontent.com",
              "client_type": 3
            }
          ]
        }
      }
    }
  ],
  "configuration_version": "1"
}